	Name	Term	ES	NES	NOM p-val	FDR q-val	FWER p-val	Tag %	Gene %	Lead_genes
0	prerank	Photoreceptor Cells	-0.7971341376883542	-3.379675809363504	0.0	0.0	0.0	91/139	11.48%	Rcvrn;Nr2e3;Grm6;Pdc;Nrl;Sag;Rho;Vsx2;Gnb3;Rd3l;Cacna2d4;Pde6g;Cabp5;Sebox;Sphkap;Rs1;Cplx3;Pcp2;Cntn4;Gpr179;Lin7a;Vwc2l;Syp;Dusp26;Rom1;Actl6b;Grm5;Tmem130;Trnp1;Hcn1;Gng13;Zdhhc22;Cadm2;Atp1b2;Gria2;Crx;Fam135b;Isl1;Qpct;B3galt2;Mmd2;Ppfia2;Ap3b2;Kcnj9;Prkca;Kcnma1;Neurod4;Syt4;Chga;Atcay;Scrt1;Amph;Gabra1;Pcsk2;Ntng1;Lrtm1;Frmd3;Svop;Strip2;Gabrg2;Snap91;Gria1;Stx3;Celf3;Atp2b3;Scg3;Pcbp3;Amer3;Pcdh15;Rgs8;Slitrk1;Tceal6;Gdap1l1;Kcnc1;Vstm2b;Rab3c;Snap25;Unc79;Sv2b;Adgrb3;Cadps;Cacna2d3;Synpr;Vstm2a;Stmn4;Prox1;Hspa12a;Cntn2;Slc1a2;Srrm4;Slc24a2
1	prerank	Pinealocytes	-0.8239509007088017	-3.163316814810871	0.0	0.0	0.0	57/79	11.48%	Rcvrn;Grm6;Rbp3;Sag;Rp1l1;Pde6b;Rho;Kcng4;Gngt1;Cacna1f;Pde6h;Pde6c;Cnga1;Pde6a;Rs1;Cngb1;Cabp4;Rd3;Drd4;Aipl1;Cplx4;Samd7;Rom1;Gngt2;Lrit1;Hcn1;Gng13;Rtbdn;Crx;Adrb1;Vsx1;Disp2;Ap3b2;Atcay;Pmepa1;Tph1;Myt1l;Kcnj14;Neurod1;Unc13c;Svop;Amer3;Tmem145;Kcnb1;Strc;Crb1;Plekhd1;Chrnb4;Sv2b;Aanat;Slc7a14;Chrna3;Rnft2;Slc4a5;Rgr;Srrm4;Slc24a2
2	prerank	Pluripotent Stem Cells	0.7489973416520451	3.038203725335206	0.0	0.0	0.0	74/93	18.75%	Lin28b;Bub1;Cenpf;Ndc80;Sall4;Trim71;Depdc1b;Zscan10;Sox2;Chek1;Mcm10;Sgo1;Kntc1;Hells;Kif11;Orc1;Fbxo5;Fanci;Ticrr;Cdc6;Aunip;Lin28a;Cdca7;Pif1;Plk4;Ccna2;Cenph;Ercc6l;Chek2;Mcm3;Zgrf1;Fancd2;Atad5;Mcm4;Wdhd1;Dnmt3b;Blm;Npm1;Ncl;Bub1b;Nasp;Ccnf;Nr6a1;Dna2;Smarcc1;Terf1;Hnrnpu;Gins1;E2f5;Set;Phf6;Ppat;Bend3;Mcm8;Hes3;Psip1;Mad2l1;Slc7a3;Hnrnpa1;Ttf2;Chaf1a;Zic3;Tert;Pfas;Nap1l1;Suv39h2;Cbx2;Zfx;Msh6;Rcc2;Cdc7;Gmps;Srsf1;Fubp1
3	prerank	Taste Receptor Cells	-0.7227140300049986	-2.855037489507618	0.0	0.0	0.0	56/92	14.13%	Rph3a;Syp;Slc4a10;Slc24a4;Actl6b;Hcn1;Atp1b2;Gria2;Fam135b;Wscd2;Cck;Cabp1;Ap3b2;Kcnj9;Gabra1;Pcsk2;Myt1l;Adcy2;St8sia5;Unc13c;Svop;Celf3;B3gat1;Cyp46a1;Scg3;Rundc3a;Amer3;Sez6;Chrnb2;Kcnb1;Tceal6;Dpp6;Pde1b;St18;Cacnb2;Sv2b;Cpne6;Slc7a14;Cadps;Atp2b2;Synpr;Vstm2a;Stmn4;Unc80;Tas1r3;Prox1;Nr3c1;Cntn2;Slc1a2;Cacng2;Srrm4;Slc24a2;Otud7a;Acsl6;Kcnj6;Kcnh2
4	prerank	GABAergic Neurons	-0.7085978054631692	-2.819504706908551	0.0	0.0	0.0	55/93	12.59%	Sphkap;Dusp26;Sncb;Actl6b;Igsf21;Grm5;Faim2;Cdk5r2;Cadm2;Gria2;Lgi3;Brinp1;Hpca;Camk2b;Mmd2;Ppfia2;Ntrk2;Ube2ql1;Scrt1;Plppr4;Gabrg2;Tmem59l;Sh3gl2;Snap91;Map6;Celf3;Atp2b3;Syn2;Cadm3;Ly6h;Abcc8;Asic2;Slitrk1;Tceal6;Slc32a1;Kcnc1;Vstm2b;Ptprt;Snap25;Ndrg4;Kctd16;Adgrb3;Gadd45b;Gad1;Synpr;Vstm2a;Stmn4;Sptbn4;Phyhipl;Gabbr2;Crhr1;Rgs7bp;Cntn2;Adgra1;Tmem179
5	prerank	Glycinergic Neurons	-0.7018549181486551	-2.8138600322068936	0.0	0.0	0.0	66/96	20.11%	Sncb;Fbll1;Actl6b;Grm5;Cspg5;Faim2;Cdk5r2;Ckb;Gria2;Brinp1;Hpca;Mmd2;Aplp1;Scrt1;Pnck;Tagln3;Dner;Abcg4;Srrm3;Tmem59l;Snap91;Map6;Celf3;Stxbp1;Ly6h;Gng3;Grin1;Ppfia3;Syn1;Tmem198;Asic2;Slitrk1;Slc32a1;Kcnc1;Cadm4;Vstm2b;Ngb;Mpp2;Ndrg4;Gad1;Tmem151a;Scamp5;Lingo1;Adgrb2;Crhr1;Cntn2;Adgra1;Rims4;Tmem179;Brsk1;Pianp;Caskin1;Slc6a9;Sptbn2;Ncdn;Bsn;Psd2;Pcdh8;Cnih2;Mapk8ip1;Clip3;Cacng7;Lrrc4b;Ina;Slc8a2;Ttbk1
6	prerank	Purkinje Neurons	-0.656168245393205	-2.76618949361397	0.0	0.0	0.0	79/140	16.58%	Pcp4;Pcp4l1;Rit2;Syp;Sncb;Actl6b;Igsf21;Grm5;Hcn1;Faim2;Zdhhc22;Slc12a5;Cadm2;Atp1b2;Gria2;Brinp1;Hpca;Mmd2;Kcnj9;Slc24a3;Prkca;Kcnma1;Syt4;Scrt1;Gabra1;Grid2;Cplx1;Gabrg2;Snap91;Celf3;Atp2b3;Pcbp3;Lrrtm1;Caly;Ly6h;Grin1;Clstn3;Rgs8;Syn1;Pde9a;Asic2;Slitrk1;Tceal6;Slc32a1;Gdap1l1;Kcnc1;Vstm2b;Rab3c;Pde1b;Snap25;Syt2;Adgrb3;Cadps;Gad1;Atp2b2;Synpr;Vstm2a;Stmn4;Dlg4;Nkain4;Grik3;Crhr1;Cerk;Adgrb1;Cntn2;Cacng2;Srrm4;Slc24a2;Adgra1;Tmem179;Nrxn2;Chrna4;Bsn;Psd2;Sez6l;Ctnna2;Pcdh8;Pde1a;Ptpn5
7	prerank	Retinal Ganglion Cells	-0.6231540218118208	-2.708578124153267	0.0	0.0	0.0	100/154	22.87%	Chrna6;Irx6;Dusp26;Sncb;Fbll1;Actl6b;Cdk5r2;Zdhhc22;Klhdc8a;Gria2;Isl1;Fxyd7;Brinp1;Hpca;Mmd2;Chrnb3;Prkca;Sncg;Syt4;Aplp1;Scrt1;Nacad;Lhfpl5;Dtx1;Tagln3;Dner;Smim18;Ablim3;Abcg4;Srrm3;Tmem59l;Sh3gl2;Snap91;Map6;Celf3;Plppr5;Mtus2;Atp2b3;Lrrtm1;Caly;Csdc2;Galnt14;Ly6h;Dpp10;Rgs8;Syn1;Asic2;Slitrk1;Gdap1l1;Kcnc1;Vstm2b;Syt16;Snap25;Ndrg4;Adgrb3;Stmn4;Ggt7;Ydjc;Lingo1;Nell1;Rtn2;Crhr1;Dctn1;Reep2;Cntn2;Adgra1;Tmem179;Brsk1;Pianp;Chrna4;Bsn;Brsk2;Ccdc184;Psd2;Pcdh8;Ptpn5;Stoml1;Atf6b;Fgf12;Them4;Cacng7;Pak5;Lrrc4b;Ina;Tceal5;Slc8a2;Slc29a4;Ttbk1;Narf;Iglon5;Fbxo44;Tox2;Galntl6;Crmp1;Kctd8;Mab21l2;Ttll1;Irx5;Cacnb3;Shd
8	prerank	Neurons	-0.5804113426076654	-2.6375101305281214	0.0	0.0	0.0	131/257	20.59%	Slc17a7;Pcp4;Rit2;Pnma8a;Syp;Dusp26;Sncb;Igf1;Actl6b;Grm5;Tmem130;Faim2;Cdk5r2;Zdhhc22;Slc12a5;Cadm2;Atp1b2;Gria2;Isl1;Nwd2;Brinp1;Pacsin1;Hpca;Mmd2;Disp2;Cck;Ppfia2;Kcnj9;Dnm3;Kcnma1;Syt4;Aqp1;Scrt1;Pnck;Gabra1;Chodl;Pcsk2;Eno2;Icam5;Tagln3;Cplx1;Dner;Gabrg2;Tmem59l;Sh3gl2;Snap91;Celf3;Atp2b3;Lrrtm1;Caly;Ly6h;Clstn3;Syn1;Slitrk1;Nrsn2;Tceal6;Celf6;Slc32a1;Ryr2;Gdap1l1;Kcnc1;Unc13a;Vstm2b;Rab3c;Snap25;Unc79;Ndrg4;Tceal3;Adgrb3;Cpne6;Cadps;Gad1;Atp6v0a1;Synpr;Arhgdig;Vstm2a;Ppp1r1b;Cnrip1;Ccdc28b;Stmn4;Dlg4;Phyhipl;Gabbr2;Ncald;Prox1;Gpr162;Magee1;Hap1;Rgs7bp;Cntn2;Cacng2;Srrm4;Calb2;Dipk1b;Hdac11;Vgf;Adgra1;Nefh;Tmem179;Cbarp;Bsn;Slc1a1;Syne1;Camk2n1;Tmem91;Psd2;Nicn1;Rora;Ctnna2;Pde1a;Ptpn5;Ndn;Sgip1;Abat;Slc6a17;Prmt2;Scn3b;Cdk5;Cacng7;Pak5;Ifit3;Dync1i1;Cdh22;Tceal5;Slc8a2;Nrxn1;Ttbk1;Pqbp1;Rhbdd2;Dtd1;Lhfpl4
9	prerank	Neuroendocrine Cells	-0.6464821853135468	-2.5959274953208347	0.0	0.0	0.0	50/106	13.30%	Sphkap;Rit2;Dusp26;Sncb;Actl6b;Grm5;Faim2;Cxcl14;Cadm2;Gria2;Fxyd7;Brinp1;Hpca;Mmd2;Cck;Ppfia2;Kcnj9;Syt4;Scrt1;Gabra1;Plppr4;Tagln3;Gabrg2;Sh3gl2;Snap91;Celf3;Atp2b3;Lrrtm1;Cadm3;Ly6h;Asic2;Slitrk1;Tceal6;Kcnc1;Vstm2b;Rab3c;Snap25;Adgrb3;Synpr;Arhgdig;Vstm2a;Ppp1r1b;Stmn4;Phyhipl;Negr1;Rgs7bp;Cntn2;Adgra1;Tmem179;Nfasc
10	prerank	Interneurons	-0.5624556260074594	-2.5684114086067376	0.0	0.0	0.0	103/258	12.83%	Slc17a7;Vsx2;Pcp4l1;Rit2;Lhx3;Adcy8;Syp;Hpcal4;Sncb;Actl6b;Igsf21;Grm5;Cdhr1;Dhrs3;Cdk5r2;Zdhhc22;Nxph4;Slc12a5;Cxcl14;Cadm2;Gria2;Isl1;Brinp1;Pacsin1;Lynx1;Hpca;Mmd2;Disp2;Cck;Ppfia2;Kcnj9;Cacna1i;Dnm3;Kcnma1;Syt4;Trim9;Syt1;Scrt1;Ptpro;Hlf;Pcsk2;Ntng1;Tmem132d;Tagln3;Cplx1;Reln;Gabrg2;Rorb;Tmem59l;Sh3gl2;Snap91;Celf3;Pde4a;Plppr5;Lypd1;Atp2b3;Gal;Pcbp3;Lrrtm1;Syt13;Ly6h;Rgs8;Syn1;Slitrk1;Nrsn2;Kcnip2;Tceal6;Gdap1l1;Kcnc1;Unc13a;Vstm2b;Rab3c;Snap25;Sema3e;Ndrg4;Sv2b;Tceal3;Adgrb3;Camk4;Gad1;Synpr;Vstm2a;Stmn4;Phyhipl;Gabbr2;Lingo1;Ncald;Crhr1;Dnajc6;Hspa12a;Magee1;Hap1;Rgs7bp;Cntn2;Nat14;Cacng2;Adcy1;Calb2;Vgf;Ramp3;Adgra1;Tmem179;Pianp
11	prerank	Glutaminergic Neurons	-0.6464644756199024	-2.545796688432948	0.0	0.0	0.0	54/91	20.11%	Slc17a7;Sphkap;Rit2;Diras2;Actl6b;Grm5;Tmem130;Gria2;Hpca;Mmd2;Ppfia2;Kcnj9;Atcay;Scrt1;Gabra1;Gabrg2;Snap91;Gria1;Celf3;Atp2b3;Grin1;Dlg2;Rgs8;Asic2;Slitrk1;Tceal6;Kcnc1;Unc13a;Snap25;Unc79;Ndrg4;Kctd16;Cadps;Synpr;Vstm2a;Stmn4;Grin2b;Phyhipl;Cntn2;Slc1a2;Srrm4;Adgra1;Bsn;Slc1a1;Magi2;Psd2;Ctnna2;Ptpn5;Scn3b;Pak5;Cdh22;Slc8a2;Nrxn1;Ttbk1
12	prerank	Pyramidal Cells	-0.6177799288226181	-2.5422637933898464	0.0	0.0	0.0	50/110	11.40%	Pcp4;Sphkap;Rit2;Adcy8;Sncb;Actl6b;Igsf21;Grm5;Faim2;Cadm2;Gria2;Brinp1;Hpca;Mmd2;Cck;Kcnj9;Syt4;Scrt1;Gabra1;Tagln3;Gabrg2;Kcnd2;Snap91;Gria1;Celf3;Atp2b3;Lrrtm1;Caly;Ly6h;Syn1;Asic2;Slitrk1;Kcnb1;Tceal6;Slc32a1;Kcnc1;Vstm2b;Rab3c;Ngb;Snap25;Adgrb3;Kcnb2;Synpr;Vstm2a;Stmn4;Dlg4;Grin2b;Sorcs3;Cntn2;Srrm4
13	prerank	Osteocytes	0.6314671681545193	2.540617324610724	0.0	0.0	0.0	57/91	22.15%	Sfrp1;Gja1;Gli3;Ednra;Tmem47;Nes;Fzd7;Ptpn14;Gfpt2;Has2;Mdk;Notch3;Gli2;Ptn;Fst;Adamts12;Flnc;Vegfc;Yap1;Adamts7;Ccdc8;Efnb2;Rai14;Ror1;Tcf7l1;Pls3;Fstl1;Pcdh18;Col1a1;Mdfi;Cald1;Efna5;Pxdn;P3h2;Axl;Chst3;Gpx8;Fbxl7;Csrp2;Rab13;Il17rd;Pdlim4;Fblim1;Stc1;Enah;Ppic;Gng12;Cdh11;Wwtr1;Pdpn;Gpr161;Cdr2l;Cttnbp2nl;Tpm1;Tenm3;Col4a6;Syde1
14	prerank	Dopaminergic Neurons	-0.6232317982149586	-2.529266585132857	0.0	0.0	0.0	49/106	14.19%	Chrna6;Syp;Sncb;Actl6b;Cdk5r2;Zdhhc22;Gria2;Mapt;Hpca;Syt4;Aplp1;Chga;Scrt1;Gabrg2;Tmem59l;Snap91;Celf3;Lrrtm1;Caly;Syt13;Ly6h;Abcc8;Slitrk1;Gdap1l1;Kcnc1;Unc13a;Snap25;Kcnb2;Myt1;Vstm2a;Stmn4;Phyhipl;Grik3;Lingo1;Crhr1;Chd5;Cntn2;Adcy1;Adgra1;Rims4;Tmem179;Caskin1;Mapk8ip2;Kcnj6;Lonrf2;Chrna4;Bsn;Brsk2;Hcn4
15	prerank	Enteroendocrine Cells	-0.6150466561378092	-2.5094678877993255	0.0	0.0	0.0	48/104	10.18%	Scgn;Syp;Dusp26;Actl6b;Glp2r;Cdk5r2;Cnga3;Gria2;Isl1;Hpca;Chgb;Cck;Cryba2;Syt4;Chga;Sct;Scrt1;Scg2;Pcsk2;Neurod1;Tagln3;Tmem59l;Sh3gl2;Snap91;Celf3;Scg3;Gal;Lrrtm1;Caly;Syt13;Ly6h;Abcc8;Unc5d;Asic2;Gdap1l1;Kcnc1;Unc13a;Rab3c;Ptprt;Snap25;Unc79;Gfra3;Scg5;Cadps;Kcnb2;Vstm2a;Phyhipl;Tas1r3
16	prerank	Beta Cells	-0.5984915233929825	-2.504665972863655	0.0	0.0	0.0	51/117	13.30%	Scgn;Pcp4;Gjd2;Cntn4;Syp;Dusp26;Actl6b;Igsf21;Cadm2;Gria2;Isl1;Wscd2;Camk2b;Chgb;Syt4;Ube2ql1;Chga;Pcsk2;Neurod1;Svop;Sh3gl2;Snap91;Map6;Celf3;Cntn1;Scg3;Hamp;Lrrtm1;Syt13;Ly6h;Amer3;Abcc8;Unc5d;Rapgef4;Kcnc1;Dpp6;Rab3c;Ptprt;Snap25;Unc79;Rgs16;Adgrb3;Cadps;Kcnb2;Vstm2a;Phyhipl;Prox1;Adgra1;Tmem179;Nptx2;Nfasc
17	prerank	Olfactory Epithelial Cells	-0.5451940366190748	-2.403990824688779	0.0	0.0	0.0	101/193	22.76%	Cntn4;Rd3;Ano2;Fstl5;Cspg5;Gng13;Cdk5r2;Ckb;Nxnl2;Hpca;Ccdc113;Golga7b;Sybu;Aplp1;Abhd3;Kcna5;Meig1;Sez6l2;Impdh1;Dner;Srrm3;Tmem59l;Dusp8;Map6;Stxbp1;Pcdhac2;Pde4a;Mapre3;Atp9a;Lrrc73;Nrsn2;Vstm2l;Clstn2;Cadm4;Nme5;Mpp2;Ndrg4;Riiad1;Cibar2;Larp6;Dnai1;Scamp5;Cbx4;Ccdc28b;Jakmip1;Stom;Sptbn4;Cdkl2;Lingo1;Adgrb2;Pacrg;Kif9;Hspa12a;Pkib;Macrod1;Nat14;Calb2;Clstn1;Tsnaxip1;Acsl6;Tmem9;Ormdl3;Wdr54;Caskin1;Abhd16a;Mapk8ip2;Sptbn2;Ccdc184;Cartpt;Spock1;Ttc21a;Ift22;B4gat1;Fam229b;Elmod3;Dusp14;C2cd4c;Them6;Mapk8ip1;Kcnc4;H2bc21;Vps37d;Fgf12;Lrrc10b;Slc4a3;Epb41l4b;Kifbp;Sh3glb2;Flrt1;Spef1;Endod1;Meis3;Tmem107;Ttll3;Ric8b;Ppp1r14c;Cpe;Siah2;Ngrn;Epb41l1;Cacnb3
18	prerank	Enteric Neurons	-0.5634894145607509	-2.3954440761913407	0.0	0.0	0.0	58/147	13.59%	Dusp26;Actl6b;Fstl5;Faim2;Cdk5r2;Cadm2;Gria2;Brinp1;Cck;Ppfia2;Ntrk2;Tmem35a;Golga7b;Syt4;Scrt1;Nacad;Scg2;Plppr4;Slc10a4;Tagln3;Tmem59l;Snap91;Map6;Celf3;Stxbp1;Cntn1;Atp2b3;Hivep3;Gal;Lrrtm1;Casz1;Cadm3;Ly6h;Tlx2;Asic2;Vstm2l;Celf6;Gdap1l1;Kcnc1;Snap25;Ndrg4;Kctd16;Adgrb3;Slc7a14;Chrna3;Vstm2a;Stmn4;Snx21;Phyhipl;Rgs7bp;Cntn2;Tub;Ppp2r5b;Adgra1;Tmem179;Akap6;Nfasc;Shc3
19	prerank	Embryonic Stem Cells	0.5564750583364912	2.3928684502568243	0.0	0.0	0.0	100/147	29.16%	Hmga2;Sfrp1;Sall4;Gja1;Zscan10;Sox2;Trim6;Lef1;Nes;Ajuba;Fzd7;Tead2;Ptpn14;Dsp;Ephb4;Gli2;Rbpms;Prtg;Lrig3;Rbfox2;Erbb2;Itga6;Tead1;Yap1;Fnbp1l;Fbln1;Tead4;Rai14;Ror1;Hes1;Dnmt3b;Pls3;Fat1;Fstl1;Mdfi;Pawr;Kit;Myo1b;Uaca;Nr6a1;Yes1;Itgb1;Fzd1;Lamb1;Gjc1;Dsg2;Myc;Gpx8;Fkbp10;Tjp1;Arhgap42;Cd9;Sh3d19;Lrp6;Fzd5;Dcbld2;Kcnip3;Il17rd;Fblim1;Nav2;Fras1;Enah;Zfx;Gng12;Gulp1;Prdm5;Smarca1;Sh3bp4;Nckap1;Pum2;Fut4;Ptprg;Ptprf;Col4a5;Pard3;Shroom3;Tspan6;Tenm3;Col4a6;Rnd3;Dock1;Smad5;Ptk7;Adgra3;Adgrl2;Antxr1;Fermt2;Sumo2;Ctnna1;Wwc2;Ptk2;Amotl2;Lamc1;Myo10;Pml;Cdk8;Serpinh1;Smad1;Smad4;Ctnnd1
20	prerank	Gamma Delta T Cells	0.7366880652787876	2.3593658335516827	0.0	0.0	0.0	14/28	5.84%	Mki67;Cenpf;Aspm;Aurkb;Top2a;Ifitm1;Ccnb1;Nusap1;Ube2c;Birc5;Troap;Hmgb2;Cenpa;Ubash3a
21	prerank	Trigeminal Neurons	-0.5607580862369289	-2.344050246163078	0.0	0.0	0.0	49/127	13.30%	Sphkap;Adcy8;Dusp26;Actl6b;Grm5;Faim2;Cadm2;Gria2;Brinp1;Mmd2;Ppfia2;Sncg;Tmem35a;Syt4;Nacad;Add2;Plppr4;Tagln3;Kcnab2;Sh3gl2;Snap91;Map6;Stxbp1;Atp2b3;Lrrtm1;Cadm3;Ly6h;Dlg2;Asic2;Slitrk1;Tceal6;Gdap1l1;Kcnc1;Rab3c;Snap25;Ndrg4;Kctd16;Adgrb3;Synpr;Vstm2a;Stmn4;Phyhipl;Gdap1;Rgs7bp;Cntn2;Adgra1;Nefh;Tmem179;Nfasc
22	prerank	Adrenergic Neurons	-0.577218667885414	-2.3090526401456093	0.0	0.0	0.0	47/94	16.58%	Scgn;Faah;Fbll1;Actl6b;Iqsec3;Reep6;Dbh;Syt4;Chga;Xkr7;Syt1;Sardh;Cplx1;Dusp8;Celf3;Cacna1h;Lrrtm1;Caly;Hcn3;Syt13;Abcc8;Lrrc75b;Rap1gap;Pde9a;Gck;Col26a1;Scamp5;Cdhr2;Rnf208;Phyhipl;Lingo1;Gadd45g;Slc22a17;Tmem74b;Tmem179;Pcsk1n;Klc4;Sema4g;Hid1;Chrna4;Kcnh2;Enho;Ogdhl;Adcy5;C2cd4c;Plekha6;Dact2
23	prerank	Cardiac Stem And Precursor Cells	0.5472350900955729	2.2286160279044958	0.0	0.0	0.0	65/100	27.57%	Ednra;Nes;Fzd7;Gli2;Lrig3;Fign;Rbfox2;Flnc;Tead1;Yap1;Nr2f2;Ttc23;Tead4;Rai14;Pls3;Bmp4;Fat1;Fstl1;Prrg1;Kit;Ccnd1;Myo1b;Lamb2;Uaca;Plod2;Lamb1;Scara3;Kif7;Chst3;Gpx8;Fkbp10;Tjp1;Tspan12;Aadat;Sh3d19;Fkbp9;Enah;Ppic;Rhbdf1;Gng12;Nuak1;Mpdz;Smarca1;Nckap1;Wwtr1;Fut4;Ptprg;Ptprf;Cdr2l;Tspan6;Tenm3;Smad6;Syde1;Rnd3;Dock1;Tbx3;Adamts15;Frmd6;Adgrl2;Antxr1;Wnt5a;Fermt2;Amotl2;Lamc1;Pkdcc
24	prerank	Oligodendrocyte Progenitor Cells	-0.5466289939040013	-2.2111936084159787	0.0	0.0	0.0	49/108	15.77%	Adcy8;Sncb;Igsf21;Cspg5;Faim2;Atp1b2;Gria2;Lgi3;Brinp1;Hpca;Mmd2;Kcnj9;Aplp1;Scrt1;Nacad;Plppr4;Tagln3;Tmem59l;Snap91;Lhfpl3;Lad1;Lrrtm1;Cadm3;Ly6h;Pcdh15;Tceal6;Vstm2b;Snap25;Ndrg4;Adgrb3;Atp2b2;Ntm;Slco1c1;Stmn4;Aldoc;Phyhipl;Lingo1;Gpr62;Cntn2;Coro2b;Adgra1;Tmem179;Nfasc;Shc3;Nrxn2;Chrna4;Etv5;Psd2;Adcy5
25	prerank	Retinal Progenitor Cells	-0.5340526111220504	-2.187385210597818	0.0	0.0	0.0	42/109	14.07%	Rbp3;Sag;Rho;Vsx2;Sncb;Cspg5;Cdk5r2;Zdhhc22;Cadm2;Atp1b2;Gria2;Hpca;Mmd2;Aplp1;Scrt1;Tagln3;Abcg4;Srrm3;Tmem59l;Snap91;Map6;Celf3;Unc5d;Rgs8;Kcnc1;Unc13a;Rhbdl3;Ndrg4;Phyhipl;Grik3;Lingo1;Crhr1;Reep2;Calb2;Nefh;Rims4;Tmem179;Tmem200c;Caskin1;Mapk8ip2;Cacng5;Brsk2
26	prerank	Chromaffin Cells	-0.5279989598266868	-2.184560066663616	0.0	0.0	0.0	42/117	13.59%	Gjd2;Dusp26;Actl6b;Doc2b;Faim2;Gria2;Brinp1;Chgb;Tmem35a;Syt4;Chga;Nacad;Scg2;Plppr4;Tagln3;Snap91;Map6;Celf3;Stxbp1;Cntn1;Lrrtm1;Cadm3;Unc5d;Cacna1d;Asic2;Rapgef4;Unc13a;Rab3c;Snap25;Ndrg4;Kctd16;Adgrb3;Cadps;Synpr;Vstm2a;Phyhipl;Rgs7bp;Cntn2;Adgra1;Tmem179;Nfasc;Shc3
27	prerank	Adipocyte Progenitor Cells	0.5603418799306504	2.176751622829331	0.0	0.0	0.0	41/82	15.15%	Gli3;Ednra;Tead2;Trabd2b;Notch3;Gli2;Prrx1;Lrig3;Col5a2;Tead1;Yap1;Timp3;Fbln1;Nr2f2;Boc;Tcf7l1;Pls3;Fstl1;Pcdh18;Col1a1;Fgf10;Efemp1;Smo;Col5a1;Cald1;Gata3;Lamb2;Uaca;Svep1;Igfbp5;Lamb1;Scara3;Chst3;Gpx8;Fkbp10;Kank2;Sh3d19;Fkbp9;Enah;Ppic;Rhbdf1
28	prerank	His Bundle Cells	0.5439097109080943	2.1618950472875844	0.0	0.0	0.0	51/94	22.22%	Sfrp1;Gja1;Ednra;Adamts9;Tmem47;Nes;Ptpn14;Gli2;Fign;Fbln1;Akap12;Ppfibp1;Fstl1;Pcdh18;Bves;Cald1;Myh10;Flrt2;Slit3;Lrch2;Lamb1;Gjc1;Chst3;Fbxl7;Fkbp10;Tjp1;Nav1;Amotl1;Tyro3;Gucy1a2;Csrp2;Bmpr1a;Il17rd;Arhgef10;Pde10a;Enah;Farp1;Cdh11;Mpdz;Sema6d;Nckap1;Phldb1;Wwtr1;Gpr161;Ptprg;Mcam;Rbms3;Tpm1;Tenm3;Syde1;Abi2
29	prerank	Mesangial Cells	0.5157390882842785	2.159061525602406	0.0	0.0	0.0	51/117	17.34%	Gja1;Ednra;Sfrp2;Tmem47;Lef1;Dab2;Nid2;Prrx1;Ptn;Sh3bgrl;Palld;Col5a2;Yap1;Timp3;Pdgfra;Angptl2;Akap12;Map3k20;Ccn2;Acta2;Thbs2;Fstl1;Myl9;Pcdh18;Col1a1;Efemp1;Hmcn1;Smarca5;Col5a1;Pawr;Cald1;Gata3;Ccdc80;Svep1;Tpm2;Igfbp5;Mib1;Flna;Filip1l;Rock1;Fbxl7;Plscr4;Olfml3;Nr4a2;Crim1;Hspg2;Fam114a1;Lrp5;Pdgfrb;Lama2;Cdh11
30	prerank	Astrocytes	-0.5136052029331876	-2.1187297613872107	0.0	0.0	0.0	48/129	12.51%	Sphkap;Adcy8;Igsf21;Grm5;Faim2;Cadm2;Atp1b2;Gria2;Lgi3;Brinp1;Mmd2;Kcnj9;Ntrk2;Snph;Htra1;Nacad;Lcn2;Baalc;Agt;Plppr4;Slc6a11;Fabp7;Map6;Hspb6;Cadm3;Ly6h;Pla2g7;Tceal6;Rapgef4;Slit1;Vstm2b;Snap25;Adgrb3;Aanat;Atp2b2;Ntm;Synpr;Slco1c1;Aldoc;Nkain4;Phyhipl;Gpm6b;Rgs7bp;Cntn2;Slc1a2;Cryab;Adgra1;Acsl6
31	prerank	Satellite Glial Cells	-0.5501563929780712	-2.1186924711278423	0.0	0.0	0.0	33/78	12.39%	Lyve1;Igsf21;Grm5;Faim2;Cnga3;Gria2;Galnt15;Lynx1;Mmd2;C1qa;Ntrk2;C1qb;Slco2b1;Csf1r;Baalc;C1qc;Ndrg2;Rtn1;Tmem176b;Cadm3;Tmem176a;Tceal6;Ptprt;Gas7;Cpne6;Ptgds;Synpr;Slco1c1;Mturn;Rgs7bp;Slc1a2;Ramp3;Aplnr
32	prerank	Delta Cells	-0.5180595488222492	-2.11167444557116	0.0	0.0	0.0	51/105	16.58%	Scgn;Cntn4;Dusp26;Actl6b;Igsf21;Gria2;Isl1;Chgb;Syt4;Chga;Gjb1;Scg2;Pcsk2;Agt;Plppr4;Gabrg2;Snap91;Map6;Celf3;Cntn1;Lrrtm1;Syt13;Ly6h;Abcc8;Unc5d;Asic2;Rapgef4;Rab3c;Ptprt;Snap25;Rbp1;Baiap3;Cadps;Kcnb2;Vstm2a;Phyhipl;Prox1;Tspan7;Rgs7bp;Rxrg;Adgra1;Tmem179;Nptx2;Nfasc;Bhlhe41;Ppp1r1a;Sparcl1;Insm1;Plekha6;Krt222;Dact2
33	prerank	Granulosa Cells	0.5153501198087185	2.0963477415949656	0.0	0.0	0.0	50/103	22.94%	Matn3;Nes;Ajuba;Fzd7;Tead2;Six5;Gli2;Fign;Rbfox2;Flnc;Col5a2;Tead1;Yap1;Nr2f2;Hjurp;Tead4;Rai14;Pls3;Fat1;Fstl1;Prrg1;Foxl2;Lamb2;Tnni3;Lamb1;Scara3;Kif7;Chst3;Gpx8;Fkbp10;Tjp1;Amotl1;Fkbp9;Enah;Ppic;Rhbdf1;Gng12;Nuak1;Mpdz;Smarca1;Nckap1;Mcam;Ptprf;Fhl1;Col4a5;Cdr2l;Tenm3;Syde1;Adamts1;Rnd3
34	prerank	Bergmann Glia	-0.5078076583835601	-2.0612619201148843	0.0	0.0	0.0	45/107	16.58%	Sphkap;Adcy8;Grm5;Faim2;Cadm2;Atp1b2;Gria2;Mmd2;Ppfia2;Kcnj9;Ntrk2;Baalc;Adcy2;Plppr4;Nrxn3;Fabp7;Gria1;Cadm3;Dlg2;Tceal6;Rapgef4;Dpp6;Adgrb3;Atp2b2;Synpr;Slco1c1;Vstm2a;Stmn4;Grin2b;Phyhipl;Gpm6b;Lrrtm2;Rgs7bp;Cntn2;Slc1a2;Adgra1;Akap6;Septin4;Nfasc;Magi2;Sparcl1;Kcnd3;Psd2;Ctnna2;Ptpn5
35	prerank	Kidney Progenitor Cells	0.5020875574175167	2.0243379409182527	0.0	0.0	0.0	52/97	26.18%	Sall1;Gli3;Nes;Fzd7;Gli2;Prtg;Fign;Rbfox2;Flnc;Pax2;Tead1;Yap1;Nr2f2;Eya4;Boc;Rai14;Fat1;Sox9;Smo;Six4;Eya1;Lrch2;Scara3;Kif7;Chst3;Gpx8;Fkbp10;Emilin3;Aadat;Cdh2;Kcnip3;Il17rd;Mex3a;Enah;Gng12;Nr2f1;Mpdz;Smarca1;Nckap1;Id4;Gpr161;Ptprg;Cdr2l;Tenm3;Syde1;Slc26a10;Dzip1;Adamts15;Adgrl2;Antxr1;Fermt2;Cnn3
36	prerank	Podocytes	0.4550870658836741	2.0028626211649407	0.0	0.00023389714293037877	0.002	68/164	19.55%	Gja1;Ednra;Tmem47;Ajuba;Iqgap2;Dock5;Ildr2;Lmx1b;Foxd1;Lrig3;Rbfox2;Cd2ap;Palld;Tead1;Yap1;Gprc5a;Nr2f2;Qki;Angptl2;Ccn2;Rai14;Pls3;Fat1;Fstl1;Efemp1;Prrg1;Loxl2;Cald1;Aif1l;Myo1b;Lamb2;Uaca;Plod2;Ctnnal1;Pros1;Met;Lamb1;Scara3;Mertk;Chst3;Tjp1;Plscr4;Sh3d19;Golim4;Plce1;Hspb8;Emc2;Fkbp9;Etf1;Nav2;Myo1e;Ntn4;Enah;Ppic;Rhbdf1;Dst;Gng12;Nuak1;Luc7l2;Mpdz;Smarca1;Sh3bp4;Nckap1;Phldb1;Wwtr1;Srgap1;Ptprg;Ptprf
37	prerank	Oligodendrocytes	-0.47036588630938697	-1.9983494037573262	0.0	8.428906598021651e-05	0.002	66/145	20.18%	Dscaml1;Adcy8;Sncb;Igsf21;Grm5;Faim2;Atp1b2;Gria2;Lgi3;Hpca;Mmd2;Kcnj9;Gpr37;S1pr5;Ntrk2;Gjb1;Ttyh1;Ndrg2;Pde8a;Cadm3;Ly6h;Dlg2;Tceal6;Rapgef4;Dusp15;Vstm2b;Ptprt;St18;Dbndd2;Cpne6;Omg;Ptgds;Atp2b2;Tmem151a;Synpr;Slco1c1;Ppp1r1b;Stmn4;Phyhipl;Gpm6b;C1ql2;Gpr62;Rgs7bp;Cntn2;Gamt;Slc25a29;Slc1a2;Hdac11;Pex5l;Adgra1;Tspan15;Slc25a19;Sparcl1;Psd2;Adcy5;Mbp;Ptpn5;Fam163b;Slc25a38;Cdh22;Gjc2;Tceal5;Nrxn1;Ttbk1;Enpp2;Zdhhc9
38	prerank	Osteoblasts	0.47672760823122634	1.9865357702681279	0.0	0.0002858742858037963	0.003	35/111	9.27%	Gja1;Ednra;Fgfr2;Mrc2;Ephb4;Prrx1;F2r;Adamts12;Fgfr1;Palld;Col5a2;Timp3;Pdgfra;Angptl2;Cd44;Col11a1;Efnb2;Acta2;Thbs2;Fstl1;Myl9;Pcdh18;Col1a1;Efemp1;Hmcn1;Igfbp3;Col5a1;Cald1;Ccdc80;Lamb2;Svep1;Igfbp5;Mmp14;Sp7;Olfml2b
39	prerank	Meningeal Cells	0.4958830640057081	1.9852726641475391	0.0	0.0002638839561265812	0.003	39/98	18.65%	Sfrp1;Gja1;Ednra;Adamts9;Tmem47;Aldh1a2;Nes;Prrx1;Igfbp2;Ptn;Col5a2;Timp3;Fbln1;Pdgfra;Angptl2;Boc;Fstl1;Pcdh18;Pdzrn3;Cald1;Lamb2;Frzb;Svep1;Igfbp5;Slit3;Lamb1;Scara3;Fbxl7;Tjp1;Igf2;Gucy1a2;Hspb8;Zic3;Cdh11;Mpdz;Sema6d;Smarca1;Phldb1;Id4
40	prerank	Epithelial Cells	0.4976454248359968	1.9738208806225823	0.0	0.00030629387764692455	0.004	24/84	6.19%	Hmmr;Kif20b;Kif23;Ckap2l;Mecom;Exo1;Emilin2;Anln;Anpep;Knl1;Kif15;Prc1;Ect2;Ckap2;Foxa1;Brca1;Lamb3;Pla2g4a;Muc1;Prss8;Gpa33;Rai14;Baiap2l1;Grb7
41	prerank	Chondrocytes	0.479511936603093	1.9483041480643697	0.0	0.0008004480002506295	0.011	40/106	13.21%	Sfrp1;Gja1;Gli3;Ednra;Tmem47;Matn3;Nid2;Dlk1;Has2;Prrx1;Adamts12;Col5a2;Timp3;Pdgfra;Angptl2;Boc;Col11a1;Thbs2;Fstl1;Pcdh18;Col1a1;Hmcn1;Smo;Pdzrn3;Col5a1;Cald1;Ccdc80;Frzb;Daam2;Atrx;Igfbp5;Slit3;Mmp14;Olfml2b;Fbxl7;Igf2;Olfml3;Sema5a;Sgcd;Nog
42	prerank	Immature Neurons	-0.4655731339313874	-1.9426079677048544	0.0	0.00028447559768323067	0.007	52/126	20.11%	Actl6b;Zdhhc22;Slc12a5;Cadm2;Atp1b2;Gria2;Mmd2;Ppfia2;Kcnj9;Syt4;Scrt1;Neurod1;Icam5;Snap91;Celf3;Atp2b3;Rgs8;Syn1;Slitrk1;Gdap1l1;Kcnc1;Unc13a;Rab3c;Snap25;Unc79;Ndrg4;Adgrb3;Synpr;Vstm2a;Slitrk3;Stmn4;Phyhipl;Gpm6b;Grik3;Prox1;Cntn2;Srrm4;Adgra1;Tmem179;Bsn;Slc1a1;Ctnna2;Pcdh8;Ptpn5;Epha3;Efr3b;Scn3b;Pak5;Ntrk1;Slc8a2;Nrxn1;Ttbk1
43	prerank	Pulmonary Alveolar Type I Cells	0.4900610040329335	1.9391028410388087	0.0	0.0008040214288231771	0.012	42/92	19.55%	Ednra;Dsp;Notch3;Lrig3;Erbb2;Palld;Tead1;Yap1;Gprc5a;Fbln1;Ccn2;Emp2;Col1a1;Efemp1;Lama5;Igfbp3;Grb7;Lamb2;Olfml2a;Rhod;Met;Scara3;Tjp1;Sh3d19;Hspb8;Fkbp9;Fblim1;Sdc1;Ntn4;Ppic;Hspg2;Rhbdf1;Fam114a1;Gng12;Sema3b;F3;Smarca1;Sh3bp4;Wwtr1;Pdpn;Akap5;Ptprf
44	prerank	Hemangioblasts	-0.538277425101452	-1.9342055776798366	0.0	0.00027466609431484344	0.007	29/55	23.36%	Icam2;Ahsp;Gpsm3;Slc39a3;Cish;Hyal3;Rilp;Guk1;Borcs6;Mfng;Msrb1;Prss57;B9d2;Dpm3;Tmem91;Dnajc4;Nt5m;Trappc6a;Ccs;Cnpy3;Yif1b;R3hdm4;Smim1;Itga2b;Fam78a;Nosip;Frat1;Fam110a;Oaz1
45	prerank	Myoepithelial Cells	0.5068188217014898	1.9329324161648966	0.0	0.0008071744540342483	0.013	35/69	18.37%	Mme;Dsp;Lrig3;Lamb3;Fst;Erbb2;Palld;Yap1;Acta2;Arsi;Myl9;Col1a1;Efemp1;Mdfi;Cd109;Lamb2;Rhod;Cdh3;Mmp14;Gpx8;Myo1c;Fkbp9;Fblim1;Sdc1;Ntn4;Ppic;Hspg2;Rhbdf1;Fam114a1;Gng12;F3;Cnn1;Sphk1;Smim3;Wwtr1
46	prerank	Parathyroid Chief Cells	-0.49096623155513597	-1.9327253173957266	0.0	0.000265510557837682	0.007	38/84	17.76%	Pcp4;Syndig1l;Cdk5r2;Rab3a;Trpc7;Ntrk2;Cryba2;Kirrel2;Sez6l2;Epha8;Kl;Npas4;Sh3gl2;Abcc8;Syn1;Tmem198;Cys1;Dusp15;Vdr;Slc7a8;Inpp5j;Scg5;Vwa1;Usp2;Tmem151a;Scamp5;Fam222a;Sptbn4;Heyl;Lingo1;Slc22a8;Gem;Wfs1;Ogdhl;Insm1;Bhlhe22;Npr1;Dnajb5
47	prerank	Purkinje Fiber Cells	-0.4805209147115789	-1.9208922637009402	0.0	0.0002936522298665608	0.008	41/99	19.93%	Kcnk3;Actl6b;Zdhhc22;Atp1b2;Gria2;Brinp1;Tmem35a;Atcay;Nacad;Grid2;Sh3gl2;Snap91;Gria1;B3gat1;Cntn1;Lrrtm1;Cadm3;Unc5d;Gdap1l1;Unc13a;Rab3c;Snap25;Ndrg4;Adgrb3;Cadps;Ntm;Gpm6b;Cntn2;Srrm4;Tmem179;Tmem200c;Nfasc;Magi2;Ctnna2;Ptpn5;Efr3b;Scn3b;Cacng7;Ina;Tceal5;Nrxn1
48	prerank	Anterior Pituitary Gland Cells	-0.462248012043497	-1.9015696478080621	0.0	0.00042671339652484606	0.012	30/107	9.07%	Gnb3;Gjd2;Cntn4;Dusp26;Tmem130;Cnga3;Cadm2;Gria2;Chgb;Tmem35a;Pax7;Syt4;Chga;Amph;Scg2;Pcsk2;Plppr4;Sez6l2;Snap91;Map6;Gria1;Celf3;Unc5d;Thy1;Mab21l1;Rab3c;Kctd16;Adgrb3;Cadps;Ntm
49	prerank	Myofibroblasts	0.4893263342918154	1.9005332425698203	0.0	0.0009052685717120216	0.015	28/79	11.00%	Gja1;Ednra;Tmem47;Prrx1;Ptn;Flnc;Palld;Col5a2;Timp3;Pdgfra;Angptl2;Acta2;Thbs2;Fstl1;Myl9;Pcdh18;Col1a1;Col5a1;Cald1;Ccdc80;Lamb2;Daam2;Svep1;Tpm2;Igfbp5;Slit3;Fbxl7;Plscr4
50	prerank	Gamma (PP) Cells	-0.4527204368112208	-1.8941313244894842	0.0	0.00041378268753924463	0.012	44/114	17.07%	Scgn;Pcp4;Cntn4;Dusp26;Gria2;Isl1;Ppfia2;Ntrk2;Syt4;Sybu;Agt;Neurod1;Plppr4;Nfib;Snap91;Map6;Esrrg;Pcdhac2;Atp9a;Cntn1;Syt13;Abcc8;Unc5c;Rapgef4;Nme5;Apobec2;Ptprt;Snap25;Sema3e;Riiad1;Pcdhb4;Phyhipl;Prox1;Rgs7bp;Pcdh20;Adgra1;Nfasc;Lonrf2;Cartpt;Sparcl1;Pxk;Plekha6;Slitrk6;Lifr
51	prerank	Epiblast Cells	0.4780687688747033	1.8830889458291609	0.0	0.0010833130830459649	0.02	39/86	18.48%	Lin28b;Sall4;Trim71;Eras;Zscan10;Adamts19;Sox2;Fgfr2;Sox11;Gpc3;Lef1;Lin28a;Sox3;Tox3;Dnmt3b;Magel2;Sema6a;Adamts20;Vangl2;Grm4;Wnk3;Hes3;Emilin3;Slc7a3;Sall3;Igfbpl1;Igdcc3;Il17rd;Mex3a;Zic3;Fras1;Crabp1;Acvr2b;Cecr2;Slc35d3;Nkain1;Col2a1;Cbln1;Epha7
52	prerank	Reticulocytes	0.45978637443287806	1.85267857939677	0.0	0.0015866022862110693	0.032	56/99	39.60%	Orc1;Mcm3;Topbp1;Eif3a;Xpo1;Mcm2;Urb2;Dhx9;Ncapd2;Nop14;Nup160;Ttf2;Chaf1a;Timeless;Ddx21;Incenp;Cnot1;Nup153;Pprc1;Rcc2;Ptbp1;Kpnb1;Nup98;Heatr1;Pola2;Dcaf1;Rfwd3;Pold1;Dhx15;Nup107;Tsr1;Pabpc4;Nemp1;Ndc1;Eif4g1;Ddx11;Pdcd11;Ftsj3;Nup205;Nsun2;Tfrc;Hnrnpl;Nat10;Ilf3;Lsg1;Nup62;Hdgf;Cct8;Polg;Ubap2l;Chd4;Gart;Dars2;Dhx38;Polr2b;Eif3b
53	prerank	Enteric Glia Cells	-0.4715153032209684	-1.8510569482238326	0.0	0.0010374992386094296	0.03	35/93	13.54%	Igsf21;Dhrs3;Faim2;Cxcl14;Lgi3;Smoc2;Ntrk2;Aqp1;Plppr4;Ndrg2;Cntn1;Cadm3;Thy1;Rapgef4;Ackr1;Ptprt;Rgs16;Gfra3;Ntm;Crtac1;Slco1c1;Ppp1r1b;Phyhipl;Gpm6b;Grik3;Lingo1;Tspan7;Rgs7bp;Cntn2;Rxrg;Cryab;Ramp3;Aplnr;Nfasc;Prima1
54	prerank	Hepatoblasts	0.5195111444101251	1.8469301712815318	0.0	0.0016335673474502644	0.035	22/49	16.45%	Dlk1;Dnajc22;Dsp;Foxa1;Foxm1;Pcsk9;Prss8;Tom1l1;Gprc5c;Baiap2l1;Grb7;Arhgef16;Met;Dsg2;Krt8;Fzd5;Rnf128;Rhpn2;Sdc1;Cpn1;Erbb3;Tmem37
55	prerank	Trophoblast Stem Cells	0.4889954699083523	1.8389446699633714	0.0	0.0017542285719778408	0.039	29/62	16.62%	Crabp2;Ajuba;Msx2;Dsp;Wnt7b;Foxa1;Celsr1;Yap1;Emp2;Padi3;Tom1l1;Six4;Baiap2l1;Grb7;Mlph;Ccnd1;Myo1b;Arhgef16;Cdh3;Irx2;Gpx8;Krt8;Tfap2a;Sdc1;Enah;Ppic;Rhbdf1;Gng12;Usp43
56	prerank	Cholinergic Neurons	-0.4557210502022098	-1.8179424202713288	0.0	0.00175562083141651	0.051	36/96	16.18%	Fbll1;Actl6b;Drd2;Cspg5;Cdk5r2;Zdhhc22;Syt4;Aplp1;Scg2;Epha8;Slc10a4;Tmem59l;Snap91;Celf3;Plppr5;Ache;Rgs8;Gdap1l1;Unc13a;Rhbdl3;Grm8;Mpp2;Kcnb2;Myt1;Chrna3;Pcdha2;Lingo1;Reep2;Vgf;Rims4;Tmem179;Caskin1;Hcn4;Ogdhl;C2cd4c;Pcdh8
57	prerank	Alpha Cells	-0.44099483582109467	-1.7989602376657967	0.0	0.0022441963817232645	0.064	43/104	16.30%	Scgn;Cntn4;Dusp26;Actl6b;Cnga3;Chgb;Cryba2;Syt4;Chga;Ptger3;Scg2;Pcsk2;Agt;Neurod1;Plppr4;Sh3gl2;Map6;Celf3;Syt13;Abcc8;Rapgef4;Rab3c;Ptprt;Snap25;Rai2;Loxl4;Scg5;Pcdhb4;Cadps;Kcnb2;Phyhipl;Klhl41;Prox1;Tspan7;Rgs7bp;Fxyd5;Tmem179;Nfasc;Camk2n1;Edil3;Rgs4;Insm1;Plekha6
58	prerank	Parietal Cells	-0.4494863294347532	-1.7844442363893112	0.0	0.0025833459681504196	0.077	33/91	17.27%	Dscaml1;Faah;Kcne2;Myrip;Sybu;Gjb1;Ppp1r13b;Hlf;Ndrg2;Foxj1;Ablim2;Cacna1h;Atp9a;Hamp;Syt13;Rap1gap;Pde9a;Ptprt;Rai2;Baiap3;Asap3;Ppp1r1b;Phyhipl;Myh14;Rapgef5;Sh3bgrl2;Hid1;Mtus1;Sparcl1;Adcy5;Plekha6;Pcdh1;Abat
59	prerank	Intercalated Cells	-0.4963799818877937	-1.7710937003549614	0.0038910505836575876	0.0027249767778077887	0.082	15/47	12.49%	Rp1;Fmo2;Tmem150c;Cfap61;Esrrg;Dnah9;Cacna1d;Rerg;Pla2r1;Agbl4;Nwd1;Ptprt;Pacrg;Slc22a8;Wdr31
60	prerank	Pancreatic Stellate Cells	0.4493245533147714	1.759728305542149	0.0	0.004474554038668116	0.1	25/80	9.27%	Gja1;Ednra;Sfrp2;Tmem47;Nid2;Prrx1;Adamts12;Col5a2;Timp3;Pdgfra;Angptl2;Ccn2;Acta2;Thbs2;Fstl1;Myl9;Pcdh18;Col1a1;Col5a1;Cald1;Ccdc80;Mxra8;Igfbp5;Mmp14;Olfml2b
61	prerank	Airway Smooth Muscle Cells	0.4605748113338877	1.7575012350191563	0.0	0.004323848572782419	0.101	29/70	18.40%	Ednra;Mrc2;Nid2;Gli2;Flnc;Col5a2;Vegfc;Timp3;Pdgfra;Msrb3;Acta2;Fstl1;Myl9;Pcdh18;Col1a1;Loxl2;Col5a1;Cald1;Tpm2;Pxdn;Igfbp5;Igf2;Nog;Gdf6;Pdgfrb;Cnn1;Cdh11;Pmp22;Adamts2
62	prerank	Ciliated Cells	-0.5271756828574066	-1.7502122332785894	0.0019011406844106464	0.0034428841565765362	0.103	15/41	14.75%	Fam161a;Cfap206;Foxj1;Dnai2;Dnah9;Spag6;Gas2l2;Dnai1;Drc3;Ccdc187;Ppp1r42;Lrrc46;Ccdc17;Saxo2;Ttc21a
63	prerank	Undefined Placental Cells	0.4299545206748484	1.7175670364312692	0.0	0.006037664916176177	0.138	25/93	18.64%	H19;Tead2;Six5;Mbnl3;Ephb4;Tk1;Cdca5;Sapcd2;Cdc20;Prss8;Tead4;Lama5;Baiap2l1;Grb7;Arhgef16;Dsg2;Recql4;Krt8;Tuba1c;Sdc1;Cbx2;Lrp5;Ptbp1;Slc25a1;Tlcd1
64	prerank	Motor Neurons	-0.4381238043361275	-1.7104088591080284	0.0	0.004949875399688215	0.145	29/84	13.68%	Vsx2;Lhx3;Samd11;Drd2;Cspg5;Cdk5r2;Ckb;Vax2;Isl1;Aplp1;Hmx1;Sez6l2;Epha8;Abcg4;Srrm3;Isl2;Tmem59l;Tmem198;Foxo6;Mpp2;En2;Chrna3;Lingo1;Adgrb2;Hspa12a;Vgf;Rims4;Cited1;Cbarp
65	prerank	Hepatic Stellate Cells	0.4195098602470236	1.7093701127635175	0.0	0.006267243958006302	0.146	41/95	18.40%	Gja1;Ednra;Tmem47;Nid2;Prrx1;Adamts12;Col5a2;Timp3;Pdgfra;Angptl2;Ccn2;Acta2;Thbs2;Fstl1;Myl9;Pcdh18;Myb;Col1a1;Fgf10;Igfbp3;Pdzrn3;Col5a1;Cald1;Lamb2;Frzb;Svep1;Tpm2;Igfbp5;Slit3;Vcl;Fbxl7;Plscr4;Olfml3;Timp1;Ccn1;Pdgfrb;Lama2;Cdh11;Meg3;Phldb1;Adamts2
66	prerank	Satellite Cells	0.4031865378625978	1.6795413746292047	0.0	0.008480937145512622	0.196	45/118	18.37%	Ednra;Tmem47;Nes;Fzd7;Notch3;Lrig3;Rbfox2;Erbb2;Cxcr4;Flnc;Palld;Col5a2;Tead1;Yap1;Timp3;Nr2f2;Boc;Pls3;Peg3;Fstl1;Col1a1;Sox9;Efemp1;Lamb2;Uaca;Igfbp5;Met;Lamb1;Scara3;Chst3;Fkbp10;Tjp1;Sh3d19;Hspb8;Fkbp9;Ntn4;Enah;Ppic;Hspg2;Rhbdf1;Gng12;Nuak1;Sh3bp4;Nckap1;Wwtr1
67	prerank	Schwann Cells	-0.4106639616584236	-1.6764113438950339	0.0020325203252032522	0.006771906910703248	0.203	41/119	15.77%	Ndrg1;Faim2;Rgs11;Gria2;Lgi3;Ntrk2;Aqp1;Agr2;Nacad;Agt;Plppr4;Map6;Cadm3;Thy1;Tceal6;Cadm4;Ndrg4;Extl1;Gfra3;Pcdhb4;Cldn19;Ntm;Sdc3;Slco1c1;Ppp1r1b;Aldoc;Phyhipl;Hspa12a;Gpr62;Cntn2;Rxrg;Coro2b;Cryab;Slc22a17;Aplnr;Nfasc;Prima1;Sparcl1;Psd2;Pcdhgc3;Adcy5
68	prerank	Cajal-Retzius Cells	-0.3862534078927864	-1.6687514669094792	0.0019646365422396855	0.007233808055373582	0.218	44/163	12.81%	Sncb;Actl6b;Zdhhc22;Cadm2;Gria2;Brinp1;Smoc2;Ppfia2;Tmem35a;Dnm3;Syt4;Aplp1;Syt1;Scrt1;Grid2;Tagln3;Reln;Tmem59l;Sh3gl2;Snap91;Map6;Celf3;Plppr5;Ache;Slitrk1;Clstn2;Gdap1l1;Kcnc1;Snap25;Ndrg4;Adgrb3;Cnrip1;Stmn4;Nanos1;Gpm6b;Lingo1;Reep2;Cntn2;Calb2;Insyn2a;Dipk1b;Rims4;Tmem179;Tmem200c
69	prerank	Peri-islet Schwann Cells	0.4104926430456783	1.666673255621965	0.0	0.008974410615054891	0.211	39/109	18.65%	Sfrp1;Gja1;Ednra;Tmem47;Nes;Gli2;Ptn;Fign;Rbfox2;Tead1;Yap1;Fbln1;Boc;Fat1;Pcdh18;Pdzrn3;Plp1;Olfml2a;Frzb;Igfbp5;Scara3;Chst3;Fbxl7;Tjp1;Slitrk2;Il17rd;Nav2;Enah;Tril;Gulp1;Sema3b;Nuak1;Farp1;Cdh11;Mpdz;Sema6d;Nckap1;Phldb1;Id4
70	prerank	Mesothelial Cells	0.41257595799045865	1.6575308575635814	0.0	0.009433851431525277	0.226	40/98	17.34%	Ednra;Has2;Dsp;Lrig3;Lrrn4;Flnc;Palld;Col5a2;Cobll1;Yap1;Timp3;Fstl1;Col1a1;Efemp1;Rspo1;Igfbp3;Ccdc80;Lamb2;Uaca;Svep1;Rhod;Igfbp5;Fzd1;Scara3;Tjp1;Plscr4;Twsg1;Sh3d19;Adgrd1;Hspb8;Fkbp9;Aox1;Fras1;Ntn4;Ppic;Hspg2;Fam114a1;Gng12;F3;Cdh11
71	prerank	Myoblasts	0.4088536661485573	1.6505960877250145	0.004123711340206186	0.009719725717329073	0.239	35/98	16.32%	Ednra;Tmem47;Nes;Prrx1;Adamts12;Flnc;Palld;Col5a2;Zbtb16;Tead1;Yap1;Timp3;Angptl2;Fstl1;Col1a1;Pdzrn3;Col5a1;Cald1;Lamb2;Uaca;Tpm2;Igfbp5;Lamb1;Chst3;Fbxl7;Fkbp10;Igf2;Olfml3;Lif;Hspb8;Fkbp9;Hspg2;Rhbdf1;Fam114a1;Gng12
72	prerank	Vascular Smooth Muscle Cells	0.4267961798513943	1.643442414947712	0.002070393374741201	0.010208478528542014	0.256	22/74	8.78%	Gja1;Ednra;Nid2;Prrx1;Flnc;Col5a2;Pdgfra;Angptl2;Msrb3;Acta2;Thbs2;Fstl1;Pcdh18;Col1a1;Hmcn1;Col5a1;Cald1;Ccdc80;Daam2;Svep1;Igfbp5;Slit3
73	prerank	Ependymal Cells	-0.4387663896110344	-1.643418993196887	0.002012072434607646	0.009050293433271154	0.258	22/71	10.55%	Pcp4l1;Calml4;Cfap206;Aqp1;Tekt4;Meig1;Foxj1;Cfap61;Dnai2;Dnah9;Spag6;Nme5;Nwd1;Gas2l2;Ptprt;Riiad1;Dnai1;Dynlrb2;Drc3;Ppp1r42;Cfap99;Pacrg
74	prerank	Pulmonary Vascular Smooth Muscle Cells	0.4260287612456059	1.63284069232356	0.0	0.01085428928911289	0.277	21/72	7.78%	Dab2;Nid2;Prrx1;Ptn;Adamts12;Col5a2;Pdgfra;Angptl2;Msrb3;Acta2;Thbs2;Fstl1;Myl9;Pcdh18;Col1a1;Col5a1;Cald1;Ccdc80;Daam2;Svep1;Zcchc24
75	prerank	Endothelial Cells	-0.3834082008065786	-1.6209354635830238	0.0	0.0111204097276172	0.316	46/144	17.75%	Lyve1;Sema7a;Meox1;Aqp1;Acvrl1;Stab2;Fmo2;Cdh5;C1qc;Cldn5;Icam2;Epas1;Tie1;Igfbp7;Medag;Mgll;Hspb6;Cav1;Casz1;Ifi27;Cd93;Gpm6a;Spns2;Ackr1;Robo4;Podn;Vwa1;Ptgds;Slco1c1;Emp1;Prox1;Stab1;Ptprb;Htra3;Ramp3;Icam1;Aplnr;Pecam1;Cd34;Sparcl1;Rhoj;Vcam1;Lifr;Kdr;Npr1;Dpp4
76	prerank	Plasmacytoid Dendritic Cells	-0.447751988920448	-1.6171723170045749	0.004081632653061225	0.011454884066711425	0.325	20/56	18.70%	Cd8a;Pacsin1;Lamp5;Prkca;Myo1g;Nckap1l;Irf7;Dock8;Irf5;Grm8;Itm2c;Jchain;Mzb1;Bcl11a;Traf3ip3;Parvg;Derl3;Nfam1;Hcls1;Laptm5
77	prerank	Smooth Muscle Cells	0.38545591588870765	1.607201756683607	0.0	0.013566034289961969	0.343	34/121	11.00%	Ednra;Tmem47;Nid2;Notch3;Prrx1;Nexn;Col5a2;Timp3;Ogn;Pdgfra;Angptl2;Msrb3;Acta2;Thbs2;Fstl1;Myl9;Pcdh18;Col1a1;Nox4;Hhip;Pdgfd;Col5a1;Cald1;Ccdc80;Lamb2;Daam2;Lmo7;Svep1;Tpm2;Igfbp5;Slit3;Gjc1;Fbxl7;Plscr4
78	prerank	Melanocytes	0.38828531958745444	1.5972963994232776	0.00423728813559322	0.01445346756755076	0.366	44/107	18.37%	Gli3;Ptpn14;Prrx1;Ptn;Palld;Col5a2;Tead1;Yap1;Timp3;Angptl2;Ppfibp1;Rai14;Thbs2;Fstl1;Col1a1;Sox9;Sash1;Hmcn1;Loxl2;Cald1;Ccdc80;Ccnd1;Lamb2;Uaca;Mitf;Mmp14;Filip1l;Lamb1;Chst3;Hspb8;Fkbp9;Tfap2a;Nav2;Itgav;Hspg2;Rhbdf1;Dst;Crabp1;Fam114a1;Gng12;Slk;Pmp22;Phldb1;Wwtr1
79	prerank	Peritubular Myoid Cells	0.4094637559136288	1.59533376679059	0.0021321961620469083	0.014310049963664317	0.373	34/82	18.22%	Ednra;Tmem47;Prrx1;Col5a2;Timp3;Pdgfra;Angptl2;Acta2;Thbs2;Fstl1;Myl9;Col1a1;Efemp1;Cald1;Lamb2;Frzb;Uaca;Svep1;Tpm2;Igfbp5;Tpm4;Plscr4;Sh3d19;Olfml3;Hspb8;Fkbp9;Hspg2;Fam114a1;Pdgfrb;Lama2;Cdh11;Ints6;Pmp22;Phldb1
80	prerank	Pulmonary Alveolar Type II Cells	-0.4446768564609029	-1.5697682736642276	0.009671179883945842	0.018156964234738376	0.444	19/51	14.53%	Ddx3y;Pgc;C1qa;C1qb;Slco2b1;Fmo2;Csf1r;Lcn2;C1qc;Tmem176b;Ifi27;Tmem176a;C3;St14;Cebpd;Ctsh;Tnfsf13;Abca3;Etv5
81	prerank	Merkel Cells	0.4485977732905884	1.563352928083448	0.0189873417721519	0.019201222863154982	0.468	13/39	7.24%	Sox2;Dsp;Mdk;Piezo2;Foxa1;Mogat2;Prss8;Prr15;Tox3;Ush1c;Id2;Nat2;Arhgef16
82	prerank	Neuroblasts	-0.3801843364728554	-1.5566823936722252	0.00390625	0.01994960787157295	0.482	38/132	14.19%	Scgn;Fbll1;Actl6b;Grm5;Cspg5;Cdk5r2;Zdhhc22;Isl1;Syt4;Aplp1;Scrt1;Cckbr;Neurod1;Ntng1;Grid2;Tagln3;Tmem59l;Snap91;Celf3;Plppr5;Unc5d;Gdap1l1;Kcnc1;Unc13a;Rhbdl3;Mpp2;Myt1;Pcdha2;Lingo1;Adgrb2;Reep2;Rims4;Tmem179;Tmem200c;Brsk1;Caskin1;Brsk2;Hcn4
83	prerank	Oxyphil Cells	-0.4240694734028935	-1.52049647500052	0.022132796780684104	0.027712664474308063	0.6	13/56	8.15%	Esrrb;Cacna1s;Pygm;Cadm2;Atp1b2;Lrrc2;Scn4a;Mapt;Sptb;Adcy2;Tmem266;Ryr2;Cacnb2
84	prerank	Cardiomyocytes	-0.3782293793164437	-1.5105200179496403	0.0038684719535783366	0.0294693496702057	0.62	28/98	13.04%	Cacna1s;Dusp26;Cpt1a;Ckb;Pygm;Ckm;Fndc5;Aqp1;Asb2;Zfpm2;Adprhl1;Tnnc1;Myocd;Hspb6;Hamp;Tnni1;Ip6k3;Ryr2;Klhl41;Synpo2;Hey2;Rxrg;Mfn2;Actc1;Cryab;Pgam2;Acta1;Ppp1r3c
85	prerank	Fibroblasts	0.3470511390362235	1.5070769965043065	0.0021598272138228943	0.030410842943884922	0.616	52/160	15.13%	Ednra;Dab2;Nid2;Grem1;Edn3;Mdk;Dkk1;Prrx1;Ripk3;Palld;Itih5;Col5a2;Timp3;Pdgfra;Angptl2;Cd44;Ccn2;Acta2;Thbs2;Fstl1;Myl9;Pcdh18;Col1a1;Efemp1;Igfbp3;Nox4;Hhip;Prkcd;Col5a1;Ccdc80;Nfatc1;Tnfrsf1b;Frzb;Svep1;Col8a1;Slit3;Mmp14;Fbln7;Olfml2b;Lamb1;Fkbp10;Plscr4;Lrrk1;Olfml3;Nr4a2;Sgcd;Cthrc1;Nfat5;Oaf;Ucp2;Snhg18;Zeb2
86	prerank	Germ Cells	0.3829907120850885	1.4924393933071887	0.02771855010660981	0.033492429484171075	0.655	19/76	11.17%	Mki67;Chek1;Tex15;Dmc1;Brca1;Efcab11;Meioc;Haspin;Nek2;Tex35;Sycp1;Ddx4;Smc1b;Nr6a1;Mdn1;Ccdc138;Lrrc18;Rsph1;Creb5
87	prerank	Plasma Cells	-0.4214601625513146	-1.429183879827376	0.05165289256198347	0.0598764238003664	0.826	11/42	10.23%	Abcb9;Pax7;Gpr25;St6galnac4;Prdm1;Cd93;Mast1;P2rx5;Ccr10;Jchain;Mzb1
88	prerank	Pericytes	0.3462022138122595	1.4230747404136215	0.013916500994035786	0.057834567051075696	0.828	25/106	8.78%	Ednra;Ifitm1;Pde5a;Anpep;Dlk1;Notch3;Prrx1;Col5a2;Timp3;Pdgfra;Angptl2;Ccn2;Acta2;Thbs2;Fstl1;Emid1;Pcdh18;Col1a1;Myo1b;Frzb;Daam2;Svep1;Mxra8;Igfbp5;Slit3
89	prerank	Foveolar Cells	0.46760435414024654	1.4176270574666772	0.04811715481171548	0.05911165544707997	0.841	10/25	10.97%	Foxa1;Mogat2;Lamb3;Muc1;Ptgr1;Prr15;Gprc5a;Mlph;Akr1b10;Krt8
90	prerank	Stromal Cells	0.35409293897740185	1.4126060767187827	0.01702127659574468	0.06011727054147149	0.85	23/90	9.27%	Ednra;Mme;Dab2;Prrx1;Col5a2;Timp3;Tlr3;Pdgfra;Angptl2;Acta2;Bmp4;Thbs2;Fstl1;Myl9;Pcdh18;Col1a1;Col5a1;Ccdc80;Kit;Tlr2;Svep1;Mmp14;Olfml2b
91	prerank	Luteal Cells	0.33670635241541724	1.4109466578033916	0.019569471624266144	0.059421012263503374	0.854	39/116	23.13%	Tmem47;Six5;Lrig3;Rbfox2;Tead1;Yap1;Pls3;Aif1l;Myo1b;Lamb2;Slc7a2;Scara3;Chst3;Fkbp10;Tspan12;Aadat;Sh3d19;Rtkn;Hspb8;Fkbp9;Aox1;Sdc1;Ppic;Rhbdf1;Dhcr24;Lrp5;Shb;Gng12;Mpdz;Smarca1;Sh3bp4;Gpt2;Ptprf;Cdr2l;Syde1;Adamts1;Rnd3;Cdc42ep4;Epdr1
92	prerank	Paneth Cells	-0.4731152927412351	-1.4060636728913352	0.07326732673267326	0.07059457184860721	0.872	6/23	6.50%	Clca1;Alpi;Agr2;Wnt9b;Lcn2;Cfd
93	prerank	Epsilon Cells	0.3812515871357793	1.3979868919470904	0.047524752475247525	0.06414221184732619	0.877	17/57	13.41%	Arx;Maob;Mogat2;Eya4;Col22a1;Bmp4;Acss3;Cd109;Frzb;Pon3;Adamts6;Abcg8;Igf2;Krt8;Olfml3;Cgnl1;Rnf128
94	prerank	Spermatozoa	-0.3810409158098968	-1.3926600225772086	0.036231884057971016	0.07746489352297205	0.886	14/61	8.52%	Fmo3;C1qa;C1qb;Slco2b1;Fmo2;Csf1r;C1qc;Ppara;Mgll;Tmem176a;C3;Nwd1;Gas7;Omg
95	prerank	Juxtaglomerular Cells	0.3637195366171724	1.380199007729878	0.04225352112676056	0.07215726859402184	0.907	28/71	19.41%	Ednra;Rbpms;Slc2a10;Timp3;Pdgfra;Angptl2;Acta2;Thbs2;Myl9;Col1a1;Cald1;Lamb2;Frzb;Svep1;Igfbp5;Slit3;Igf2;Olfml3;Sema5a;Fblim1;Fam114a1;Pdgfrb;Cnn1;Lama2;Cdh11;Adamts2;Nynrin;Matn2
96	prerank	Luminal Epithelial Cells	0.3654285467715562	1.3658376352154937	0.056112224448897796	0.07869166173892499	0.929	21/62	18.00%	Fgfr2;Anpep;Dsp;Lamb3;Erbb2;Sytl2;Muc1;Prss8;Prr15;Grb7;Mlph;Arhgef16;Rhod;Krt8;Irf6;Cd9;Hmga1;Slc12a2;Erbb3;Tmc4;Arhgef5
97	prerank	Neural Stem/Precursor Cells	0.3236334777106586	1.361781537705496	0.020964360587002098	0.07949791008700352	0.933	25/130	7.87%	Sox21;Sox1;Ccnd2;Arx;Sp8;Pbk;Sox2;Barhl2;Otx1;Dbx1;Pou3f3;Pou3f4;Ptn;Sox3;Tox3;Tlr3;Pou3f2;Cbx3;Sox9;Igfbp3;Eomes;Magel2;Plp1;Megf10;Stmn2
98	prerank	Müller Cells	0.31738603677627025	1.3398420169610596	0.03837953091684435	0.09125472148753946	0.961	39/132	15.21%	Gja1;Sox2;Tmem47;Nes;Spc25;Prrx1;Ptn;Timp3;Pdgfra;Angptl2;Cd44;Boc;Col11a1;Hes1;Thbs2;Fstl1;Pcdh18;Col1a1;Pdzrn3;Col5a1;Kit;Plp1;Frzb;Tlr2;Megf10;Heph;Igfbp5;Scara3;Fbxl7;Plscr4;Sema5a;Kcnj2;Hspb8;Slitrk2;Opcml;Nav2;Tril;Dbi;Zbed4
99	prerank	Gastric Chief Cells	-0.36043776514467774	-1.331414141691409	0.06639839034205232	0.12205613379842768	0.973	22/61	17.22%	Faah;Gjb1;Agr2;Chrm3;Cnksr1;Lcn2;Slc44a3;Lad1;Llgl2;Cds1;Aatk;St14;Selenbp1;Ppp1r1b;Myh14;Sh3bgrl2;Kdf1;Hid1;Tppp3;Plekha6;Pcdh1;Bhlha15
100	prerank	Tanycytes	0.32675548809079596	1.3262168096381766	0.04590818363273453	0.09887676860238803	0.972	25/109	10.74%	Sfrp1;Gja1;Ednra;Tmem47;Vcan;Nes;Ptn;Boc;Col11a1;Ccn2;Fstl1;Pcdh18;Lhx2;Pdzrn3;Mest;Magel2;Rgcc;Frzb;Megf10;Stmn2;Igfbp5;Dio2;Lrch2;Kcnt2;Fbxl7
101	prerank	Trichocytes	0.37512961125519523	1.3162461304383972	0.09166666666666666	0.10391238580513092	0.973	16/45	14.49%	Ajuba;Dsp;Wnt7b;Dkk1;Foxa1;Lamb3;Gprc5a;Padi3;Baiap2l1;Grb7;Arhgef16;Rhod;Dsg2;Krt8;Tfap2a;Sdc1
102	prerank	T Memory Cells	0.39752833208794003	1.313421323266907	0.09394572025052192	0.10377236574677803	0.975	12/33	17.58%	Lef1;Ubash3a;Ikzf1;Rapgef6;Arhgap45;Lsp1;Tcf7;Septin1;Itgae;Satb1;Cd300a;Kpna4
103	prerank	Leydig Cells	0.3263426586898382	1.3090585161147577	0.07644628099173553	0.10468043700756657	0.976	28/96	13.91%	Gja1;Ednra;Maob;Tmem47;Dlk1;Yap1;Timp3;Fbln1;Pdgfra;Angptl2;Thbs2;Col1a1;Efemp1;Sash1;Igfbp3;Pdzrn3;Cald1;Lamb2;Frzb;Svep1;Igfbp5;Tjp1;Igf2;Plscr4;Sh3d19;Olfml3;Hspb8;Fkbp9
104	prerank	Tuft Cells	-0.424643352857598	-1.3074776851046375	0.14003944773175542	0.14097346285191212	0.986	12/26	19.00%	Gng13;Camk2b;Tmem176b;Irf7;Tmem176a;Jchain;Cdhr2;Tas1r3;Mxd1;Nfam1;Nrep;Espn
105	prerank	Ductal Cells	0.3566703131771757	1.2935399562227665	0.09033613445378151	0.11493795564038402	0.986	19/52	16.45%	Dsp;Lamb3;Muc1;Prss8;Prr15;S100a10;Serinc2;Gprc5c;Grb7;Mlph;Arhgef16;Rhod;Akr1b10;Krt8;Irf6;Rnf128;Sdc1;Erbb3;Tmem37
106	prerank	Basophils	0.3608126088729746	1.2929281624735833	0.09163346613545817	0.11338421437512454	0.986	11/54	7.36%	E2f8;Ifitm1;Fgl2;Enpp3;Gpc4;Wrn;Cd44;Htr1b;Bmp4;Lama5;Tlr2
107	prerank	Serotonergic Neurons	-0.45279546919234415	-1.2786227667369203	0.15459882583170254	0.16878195824725792	0.994	6/19	12.56%	Scgn;Clca1;Tph1;Kcnh6;Cdh17;Vil1
108	prerank	Enterochromaffin Cells	-0.34597378863276973	-1.2584634175179197	0.12577319587628866	0.18929819057264122	0.996	12/52	10.41%	Scgn;Cntn4;Clca1;Gjb1;Tph1;Agt;Myocd;Thy1;Cadps;Ntm;Phyhipl;Prox1
109	prerank	Loop Of Henle Cells	0.30866234402578757	1.249145275425741	0.08125	0.15002047242792552	0.996	27/106	13.34%	Ednra;Maob;Tmem47;Thbs1;Dkk1;Pcsk9;Cdh6;Timp3;Pdgfra;Calcrl;Angptl2;Fstl1;Myl9;Sash1;Shroom4;Cald1;Lipg;Lamb2;Trpm7;Frzb;Igfbp5;Wls;Irx2;Plscr4;Jag1;Cgnl1;Hspb8
110	prerank	Ionocytes	-0.36849892868108647	-1.2453149312510263	0.14728682170542637	0.20314552154558288	0.998	10/38	10.82%	Kcnma1;Ccdc113;Agr2;Dnah9;Cds1;Chst9;Nme5;Nwd1;Dnai1;Myh14
111	prerank	Mammary Epithelial Cells	0.3300158332763169	1.2218193188207214	0.15445544554455445	0.1761245486265752	0.998	19/61	14.49%	Dsp;Lamb3;Erbb2;Prss8;Prr15;Tox3;Serinc2;Baiap2l1;Grb7;Piezo1;Arhgef16;Rhod;Mmp14;Krt8;Irf6;Lsr;Sgms2;Lif;Sdc1
112	prerank	Kupffer Cells	-0.3763623101046871	-1.2042150989149993	0.18482490272373542	0.25789184355490125	1.0	8/32	8.46%	C1qa;C1qb;Csf1r;C1qc;Ppara;Irf7;Vdr;Hfe
113	prerank	Hepatocytes	0.3019036676720342	1.2022978297726454	0.14285714285714285	0.196349690265561	0.998	24/84	22.94%	Gpc3;Foxa1;G0s2;Prrg4;Mogat2;Fst;Plscr1;Pon3;Hmgcs1;Abcg8;Lbp;Phlda1;Slbp;Ucp2;Cpn1;Bche;Lrp5;Ghr;Wtap;Nnt;Msmo1;Tmem82;Acat2;Rnd3
114	prerank	Macrophages	-0.3211108345410892	-1.1992146335530485	0.1536926147704591	0.2619297011617598	1.0	15/67	11.93%	Lyve1;Samsn1;Myo1g;Slco2b1;Csf1r;S100a4;Lair1;Fmnl1;Gdf15;Irf5;Hfe;Dusp5;Cd200;Stab1;Lpcat2
115	prerank	Hematopoietic Stem Cells	-0.3038041639281871	-1.1989641698184255	0.14313346228239845	0.25803833213853583	1.0	22/90	11.20%	Lyve1;C1qa;Esam;C1qb;Gjb1;Acvrl1;Hlf;Csf1r;Ace;Baalc;C1qc;Tmem176b;Tie1;Egr1;Prnp;Thy1;Cd93;Robo4;Fcgrt;Lmo2;Stab1;Tgfb2
116	prerank	Platelets	0.29589180691110656	1.1894046055500818	0.16210526315789472	0.20900419495265968	0.999	20/86	14.39%	Dab2;Fgl2;Thbs1;F2r;Cxcr4;H2bc12;Palld;Myl9;Prkcd;Cd109;Wipf1;Tnfrsf1b;Pdlim1;Abcc4;F11r;Lsp1;Cd9;Atp2a3;Lrrc32;Adam10
117	prerank	Endothelial Cells (Aorta)	0.27986075732592314	1.1844848810588373	0.1282051282051282	0.21180327257863332	0.999	36/136	16.32%	Ednra;Tmem47;Stxbp6;Klk8;Palld;Col5a2;Timp3;Calcrl;Angptl2;Efnb2;Bmp4;Fstl1;Myl9;Col1a1;Efemp1;Ntn1;Col5a1;Cald1;Lamb2;Uaca;Gask1b;Svep1;Igfbp5;Scara3;Plscr4;Sh3d19;Olfml3;Atp2a3;Hspb8;Fkbp9;Tamalin;Ntn4;Ppic;Hspg2;Fam114a1;Gng12
118	prerank	Cholangiocytes	-0.3284887141911206	-1.1814959287320144	0.1968503937007874	0.28270345461569585	1.0	12/50	11.55%	Aqp1;Gjb1;Agr2;Lcn2;Cckbr;Slc44a3;Lad1;Cldn7;St14;Ggt7;Myh14;Misp
119	prerank	Eosinophils	-0.3703747357903009	-1.1762075902639706	0.2510460251046025	0.2872469406025964	1.0	9/29	18.70%	Myo1g;Nr1d1;Lair1;Nckap1l;Traf3ip3;Parvg;Nfam1;Hcls1;Laptm5
120	prerank	Airway Epithelial Cells	-0.41748614503441367	-1.1611478036782539	0.2601626016260163	0.30898565394076366	1.0	6/19	10.82%	Fmo3;Aqp1;Fmo2;Lcn2;Arhgef37;Myh14
121	prerank	Mast Cells	-0.26529111746786943	-1.1457348346126273	0.16252390057361377	0.33384989360612644	1.0	27/160	8.68%	Pcp4l1;Lyve1;C1qa;Dnm3;C1qb;Aqp1;Slco2b1;Acvrl1;Fmo2;Cdh5;Tph1;C1qc;Eno2;Tmem176b;Cdh9;Trank1;Igfbp7;Medag;Ache;Tmem176a;Cfd;Dgki;Cyp11a1;Gpm6a;Podn;Dclk3;Ptgds
122	prerank	Follicular Cells	0.4065161306582211	1.1426064393549051	0.28125	0.2660520535457737	1.0	7/18	17.53%	Abcg5;Pon3;Abcg8;Kcnip3;Mia2;Fmo5;Ttf1
123	prerank	Principal Cells	0.30265264884517035	1.1393210805505667	0.21686746987951808	0.266277603511946	1.0	22/62	22.73%	Fzd7;Dsp;Erbb2;Prss8;Prr15;Vwa2;Hes1;Gprc5c;Grb7;Gata3;Arhgef16;Fzd1;Irf6;Stc1;Erbb3;Adgrg1;Tmc4;Maoa;Elf3;Plekha7;Aqp4;Cgn
124	prerank	Noradrenergic Neurons	-0.3702352735243816	-1.139246900624526	0.2876984126984127	0.340075259113504	1.0	6/26	9.93%	Scgn;Dbh;Sardh;Slc6a2;Cdhr2;Phyhipl
125	prerank	Dendritic Cells	0.30650753347209914	1.1385958730921628	0.2288135593220339	0.2632058608786657	1.0	16/62	18.98%	Vcan;Dab2;Fgl2;Cxcr4;Tlr3;Kit;Tnfrsf1b;Ap1s3;Axl;Lsp1;Ly75;Itgae;Igsf6;Cd300a;Pdpn;Fgd2
126	prerank	Distal Tubule Cells	-0.302243001278184	-1.135085913734709	0.2084942084942085	0.34326722120443176	1.0	19/66	15.48%	Cxcl14;Fmo2;Ppara;Kl;Esrrg;Cacna1d;Pla2r1;Vdr;Thrb;Myh14;Slc22a8;Sostdc1;Pgam2;Nipsnap2;Trhde;Abca13;Slc16a7;Gsto2;Fam83f
127	prerank	Pancreatic Progenitor Cells	0.2812660394899882	1.127527620910663	0.20905172413793102	0.2759055728052832	1.0	16/94	8.53%	Arx;Lrig3;Hs6st2;Cxcr4;Tead1;Yap1;Tox3;Nr2f2;Efnb2;Hes1;Ush1c;Sox9;Aif1l;Arhgef16;Nkd2;Slc7a2
128	prerank	Airway Goblet Cells	-0.35858062500198223	-1.1267555898948267	0.2968127490039841	0.3553142674107982	1.0	8/27	11.55%	Agr2;Lcn2;Lad1;Cldn7;Nectin4;Epn3;Dusp4;Misp
129	prerank	Proximal Tubule Cells	-0.3187417600926543	-1.1194789993868564	0.27058823529411763	0.36468098237121455	1.0	17/45	19.99%	Gng13;Aqp1;Gjb1;Slc5a2;Slc47a1;Osgin1;Cltrn;Cryl1;Slc22a8;Cacng5;Dpp4;Tmem106a;Rbp4;Khk;Ass1;Asl;Alpl
130	prerank	Transient Cells	-0.2744100324804279	-1.1159683331042873	0.21975806451612903	0.36652000918897415	1.0	32/106	20.08%	Epas1;Slc44a3;Lad1;Cds1;Ephx1;Rap1gap;Smpd1;Inpp5j;St14;Vwa1;Slc43a2;Tmem117;Arhgef37;Enpp5;Myh14;Jup;Hdac11;Tmem50b;Wfs1;Hid1;Mtus1;Aplp2;Tspan15;Pip4k2c;Plekha6;Aco2;Pcdh1;Chpf;Ogdh;Epb41l4b;Ass1;Tmem63b
131	prerank	Trophoblast Progenitor Cells	-0.2945721181390842	-1.1104346897076742	0.27435387673956263	0.3725167312290809	1.0	18/69	18.05%	Junb;Lcn2;Irf7;St14;Zbtb7b;Ypel3;Parp10;St6galnac2;B3galt4;Sytl1;Dedd2;Vamp8;Parp12;Bcl3;Zfp36;Mob3c;R3hdm4;Adipor1
132	prerank	Crypt Cells	0.27680405762841165	1.0917333931660989	0.2474437627811861	0.33056596581778974	1.0	23/85	16.75%	Fgfr2;Maob;Edn3;Gpc4;Vwa2;Tox3;Ush1c;Pdzrn3;Sema6a;Frzb;Heph;Igfbp5;Amot;Vangl2;Lrrn1;Tert;Tril;Slc12a2;Asxl3;B4galnt3;Ppp1r9a;Fxyd6;Spon1
133	prerank	Osteoclasts	-0.2775524575628252	-1.0907745295883535	0.2795275590551181	0.4082184759768772	1.0	16/85	10.98%	C1qa;Kcnma1;C1qb;Acvrl1;Csf1r;C1qc;Tmem176b;Tmem176a;Thra;Cd93;Vdr;Grm8;Fcgrt;Cebpd;Tas1r3;Stab1
134	prerank	Sertoli Cells	-0.26150182870885047	-1.0807673735020051	0.2876712328767123	0.424643046341707	1.0	26/118	15.18%	Inhbb;Lynx1;Padi2;Aqp1;Htra1;Agt;Meig1;Lurap1l;Epas1;Ablim3;Dhh;Hspb6;Ephx1;C3;S100a16;Vwa1;Selenbp1;Tspan9;Gamt;Eps8;Cryab;Amh;Ppp1r3c;Stim1;Fam20c;Gba2
135	prerank	NK Cells	-0.32828665498258786	-1.0742736296917612	0.34689922480620156	0.43297965352586854	1.0	9/34	13.96%	Cd8a;Myo1g;Grap2;Sh2d2a;S100a4;Pcdh15;Gzmm;Traf3ip3;Parvg
136	prerank	Radial Glia Cells	-0.26349877728541543	-1.0701031104659833	0.30694980694980695	0.43690838686343975	1.0	26/107	13.78%	Faim2;Gria2;Brinp1;Ppfia2;Ntrk2;Tmem35a;Nacad;Plppr4;Snap91;Map6;Cadm3;Ly6h;Ndrg4;Riiad1;Adgrb3;Ntm;Phyhipl;Gpm6b;Rgs7bp;Cntn2;Coro2b;Adgra1;Tmem200c;Nfasc;Shc3;Slit2
137	prerank	Keratinocytes	-0.3274864866269476	-1.0648861195090185	0.35714285714285715	0.44299298672826515	1.0	8/32	12.37%	Cdsn;Lcn2;Aldh3b2;Col17a1;Lad1;Nectin4;Krt1;Icam1
138	prerank	Alveolar Macrophages	-0.3384466151614737	-1.0627057886108329	0.34439834024896265	0.442644029995107	1.0	6/30	5.76%	Gngt2;Csf1r;Nr1d1;S100a4;Gpr84;Gal
139	prerank	Erythroblasts	0.28193312933757475	1.0542601906258153	0.35030549898167007	0.3970123811957378	1.0	14/67	11.67%	Wrn;Cd44;Snap23;Piezo1;Kmt5a;Kit;Arpc1b;Stk10;Itgb1;Arhgap45;Adcy7;Lbr;Lmnb1;Rgs19
140	prerank	Microfold Cells	-0.26562359709939465	-1.0491170690085312	0.3221343873517787	0.46708676446617525	1.0	36/85	29.12%	Ier3;Junb;Lcn2;Nfib;Lad1;Nfic;Vdr;St14;Zbtb7b;Bhlhe40;Cebpd;Ctsh;Icam1;Mgat1;Nfkbia;Parp12;Ctsb;Bcl3;Ctsd;Zfp36;Mfge8;Il1r1;Tbc1d2;Tnip1;Irf2;Tmem127;Tymp;Tcirg1;Ahr;Cd14;Sox8;Cldn23;Mvp;Lrp10;Ssh3;Grn
141	prerank	T Cells	-0.2922115785906306	-1.0474913584549899	0.3657587548638132	0.4648039496300212	1.0	14/53	13.96%	Cd8a;Myo1g;Junb;Grap2;S100a4;Tnfaip3;Fmnl1;Thy1;Cerk;Gdpd3;Syt3;Gem;Traf3ip3;Parvg
142	prerank	Sebocytes	-0.2955097161693973	-1.0470225623292915	0.38596491228070173	0.4600726615493707	1.0	13/49	11.87%	Rdh12;Agr2;Lcn2;Col17a1;Lad1;Llgl2;Cldn7;Vdr;St14;Cebpd;St6galnac2;Crhr1;Vamp8
143	prerank	Trophoblast Cells	-0.2919620099821327	-1.0393296300443784	0.3776091081593928	0.47092090440482015	1.0	10/46	9.68%	Ier3;Lcn2;Col17a1;Hes2;Nipal1;Lad1;Nectin4;Vdr;Bhlhe40;Tfeb
144	prerank	Adipocytes	-0.2533325924709389	-1.0344573970424356	0.374	0.47534818759543096	1.0	27/123	12.24%	Cygb;Srpx2;Adrb1;Aqp1;Acvrl1;Htra1;Fmo2;Agt;Epas1;Fndc1;Igfbp7;Medag;Hspb6;Cfd;C3;Plin1;Robo4;Podn;P2rx5;Trarg1;Tmem26;Acsl1;Col6a3;Col5a3;Htra3;Cryab;Retn
145	prerank	Acinar Cells	0.3754280635073284	1.0275726823223141	0.40606060606060607	0.44514584558992976	1.0	3/16	3.17%	Anpep;Mogat2;Muc1
146	prerank	Megakaryocytes	-0.29879633508775827	-1.02447881500587	0.42038216560509556	0.49143506421238703	1.0	15/45	23.56%	Pde6b;Syp;Ache;Tspan9;Prox1;Parvg;Pecam1;Gp1ba;Nfam1;Itga2b;Tgfb1;Slc11a1;Spon2;Vwf;Tnfaip8l2
147	prerank	Monocytes	0.2778922318273173	1.0093568687866	0.4423076923076923	0.47676034300642206	1.0	15/56	19.08%	Vcan;Fgl2;Cxcr4;Cd44;Tnfrsf1b;Plscr1;Mgmt;Tlr2;Lsp1;Lyn;Ifitm3;Igsf6;Cd300a;Fgd2;Fut4
148	prerank	Myocytes	-0.2559552289222834	-1.0091610023912971	0.41851106639839036	0.521899616993023	1.0	21/92	12.93%	Cacna1s;Pygm;Ckm;Ankrd2;Pax7;Myog;Chodl;Tnnc1;Hspb6;Tnni1;Ip6k3;Plpp7;Mef2d;Nphs1;Klhl41;Synpo2;Myh14;Actc1;Cryab;Pgam2;Acta1
149	prerank	Goblet Cells	-0.31756359589184624	-1.0048822982621946	0.44889779559118237	0.5250606745810488	1.0	7/29	11.55%	Clca1;Alpi;Agr2;Lad1;Cldn7;Cdh17;Misp
150	prerank	Microglia	-0.268256656298221	-0.9780945579492983	0.491869918699187	0.5822713468815116	1.0	19/56	19.00%	Susd3;Fos;C1qa;C1qb;Slco2b1;Csf1r;Lair1;Egr1;Cd93;Ptgds;Aebp1;Lpcat2;Parvg;Pecam1;Adrb2;Sting1;Nfam1;Laptm5;Lag3
151	prerank	Glomus Cells	0.2332710694101412	0.9745229610185155	0.5158730158730159	0.5483794154382284	1.0	19/119	10.74%	Sfrp1;Gja1;Ednra;Tmem47;Nes;Ptn;Fign;Rbfox2;Tead1;Angptl2;Boc;Pdzrn3;Cald1;Frzb;Igfbp5;Lrch2;Scara3;Chst3;Fbxl7
152	prerank	Langerhans Cells	-0.3120275366985902	-0.965267974201435	0.487378640776699	0.6070312311865703	1.0	4/26	5.73%	C1qa;Csf1r;Nckap1l;Ache
153	prerank	Thymocytes	-0.29231726410078357	-0.937656915247531	0.5526838966202783	0.6677655926306826	1.0	4/33	4.65%	Cd8a;Myo1g;Cd99;Nckap1l
154	prerank	Enterocytes	-0.24791551524478161	-0.9363494247855967	0.5825049701789264	0.6635134701781645	1.0	8/72	4.13%	Clca1;Alpi;Smoc2;Aqp1;Gjb1;Pmepa1;Ephx2;Fuom
155	prerank	T Regulatory Cells	0.29257008152798525	0.9351330954101235	0.5705765407554672	0.6326229783493421	1.0	10/31	18.40%	Maf;Ubash3a;Tnfrsf1b;Itgb8;Lsp1;Ikzf2;Lrrc32;Itgae;Cd300a;Entpd1
156	prerank	Natural Killer T Cells	0.2908405323320103	0.9339103625881437	0.5363247863247863	0.6262635549786991	1.0	8/31	11.43%	Cxcr4;Zbtb16;Cd44;Ubash3a;Ikzf1;Gata3;Lsp1;Tcf7
157	prerank	Clara Cells	-0.29803733678850064	-0.933159028042952	0.5612648221343873	0.664189789844771	1.0	6/27	8.49%	Agr2;Fmo2;Lcn2;Mmp28;Syt2;St14
158	prerank	Endothelial Cells (Blood Brain Barrier)	-0.2155887415562536	-0.8753087917463857	0.7450980392156863	0.7992499958909081	1.0	23/103	17.07%	Lgi3;Gpr37;Aplp1;Nacad;Slc38a3;Sez6l2;Srrm3;Tmem59l;Stxbp1;Cadm4;Ndrg4;Larp6;Sdc3;Slc23a2;Adgrb2;Hspa12a;Ngef;Shc3;Brsk2;Camk2n1;Pcdhgc3;Mapk8ip1;Lifr
159	prerank	Choroid Plexus Cells	-0.2137277076571464	-0.8720659429661167	0.7461538461538462	0.7983573191069692	1.0	16/101	11.83%	Slc4a10;Wfikkn2;Aqp1;Agt;Kl;Slc44a3;Map6;Atp9a;Vwa1;Pcdhb4;Phyhipl;Slc23a2;Prickle2;Slc4a5;Myh14;Sostdc1
160	prerank	Basal Cells	0.2216598155019941	0.8420624778379517	0.7917525773195876	0.8231219150332393	1.0	15/65	18.10%	Plp2;Lamb3;Serinc2;S100a11;Rhod;Cdh3;Anxa11;Irf6;Cd9;Rab13;Myo1c;Sdc1;Dnph1;Sphk1;Rras
161	prerank	Red Pulp Macrophages	0.2796704206393824	0.8220329967604305	0.7464788732394366	0.8494935590587428	1.0	7/22	18.98%	Fgl2;Folr2;Tlr2;Mertk;Igsf6;Cd300a;Fgd2
162	prerank	T Follicular Helper Cells	-0.24891961338356772	-0.7667023545389839	0.806841046277666	0.9819231836727828	1.0	7/27	18.70%	Myo1g;Nckap1l;Cd200;Traf3ip3;Parvg;Hcls1;Laptm5
163	prerank	Osteoclast Precursor Cells	-0.2491377790613926	-0.7632701172852173	0.8378378378378378	0.9752312908964259	1.0	3/24	4.53%	Csf1r;Tnfaip3;Lair1
164	prerank	Erythroid-like And Erythroid Precursor Cells	-0.21130371918529117	-0.7555955070499133	0.8922155688622755	0.9741049731902934	1.0	10/53	17.86%	Fosb;Aqp1;Grap2;Ahsp;Thrb;Tmcc2;Retn;Epb41l2;Snca;Tspan33
165	prerank	B Cells Memory	-0.22740205898707333	-0.7435105868109624	0.8762278978388998	0.9764040966881651	1.0	6/34	13.96%	Myo1g;Nckap1l;Nt5e;P2rx5;Traf3ip3;Parvg
166	prerank	T Helper Cells	-0.24679656823014595	-0.7293117013401466	0.86328125	0.9798050773204674	1.0	7/24	17.75%	Myo1g;Ccr10;Nr3c1;Traf3ip3;Rora;Nfatc2;Dpp4
167	prerank	Urothelial Cells	-0.19007267098882444	-0.7084288207627656	0.9539748953974896	0.9857284751392377	1.0	10/70	11.87%	Aldh3b2;Llgl2;Nectin4;St14;Zbtb7b;Clic3;Tmem238;Gdpd3;Sytl1;Vamp8
168	prerank	T Cells Naive	-0.24104463300322165	-0.7082628475472297	0.8846153846153846	0.9757977450490216	1.0	5/23	17.94%	Myo1g;Grap2;Traf3ip3;Parvg;Hcls1
169	prerank	B Cells Naive	0.21017463018629082	0.6947515911549015	0.9271255060728745	0.9777257917347087	1.0	12/38	25.32%	Mme;Ikzf1;Mitf;Map4k1;Cd300a;Fgd2;Foxp1;Tnfrsf13c;Braf;Ralgps2;Eaf2;Dok2
170	prerank	B Cells	-0.1854721618398139	-0.6832076256105827	0.9658634538152611	0.9802167048898425	1.0	15/62	19.04%	Myo1g;Lair1;Nckap1l;B3gat1;Jchain;Mzb1;Bcl11a;Traf3ip3;Parvg;Smap2;Pxk;Derl3;Hcls1;Laptm5;Ifit3
171	prerank	Neutrophils	-0.1800272818348605	-0.6006173236017588	0.971252566735113	0.992535360316792	1.0	18/38	36.19%	Lcn2;S100a4;Dock8;Pecam1;Nfam1;Prtn3;Arg2;Slc11a1;Tnfaip8l2;Cd14;Asprv1;Tbxas1;Pstpip1;Rasgrp4;Mmp9;Snx20;Plek;Mylk
172	prerank	Myeloid-derived Suppressor Cells	0.18310041363415297	0.5441333957090038	0.9836734693877551	0.9973331453612002	1.0	7/22	26.84%	Tnfrsf1b;Igsf6;Cd300a;Fgd2;Fut4;Dok2;Apobr
